<?xml version="1.0" encoding="utf-8"?>
<animNode>
	<m_Name>Crawl_WalkSneak</m_Name>
	<m_AnimName>Bob_ScrambleFloor</m_AnimName>
	<m_DeferredBoneName>Translation_Data</m_DeferredBoneName>
	<m_Looped>true</m_Looped>
	<m_SpeedScale>1</m_SpeedScale>
	<m_BlendTime>0.20</m_BlendTime>
    <m_Conditions>
		<m_Name>isRPCrawling</m_Name>
		<m_Type>BOOL</m_Type>
		<m_BoolValue>true</m_BoolValue>
	</m_Conditions>
    <m_Conditions>
		<m_Name>sneaking</m_Name>
		<m_Type>BOOL</m_Type>
		<m_BoolValue>true</m_BoolValue>
	</m_Conditions>
	<m_Conditions>
		<m_Name>inTrees</m_Name>
		<m_Type>BOOL</m_Type>
		<m_BoolValue>false</m_BoolValue>
	</m_Conditions>
	<m_Events>
		<m_EventName>Footstep</m_EventName>
		<m_TimePc>0.15</m_TimePc>
		<m_ParameterValue>sneak_walk</m_ParameterValue>
	</m_Events>
	<m_Events>
		<m_EventName>Footstep</m_EventName>
		<m_TimePc>0.6</m_TimePc>
		<m_ParameterValue>sneak_walk</m_ParameterValue>
	</m_Events>
</animNode>
