<?xml version="1.0" encoding="utf-8"?>
<animNode x_extends="looped.xml">
	<m_Name>_idleLoop4</m_Name>
	<m_AnimName>Bob_Idle_BarbellPress02</m_AnimName>
	<m_deferredBoneAxis>Y</m_deferredBoneAxis>
	<m_Conditions>
	<m_StringValue>_idleLoop4</m_StringValue>
	</m_Conditions>
		<m_SubStateBoneWeights>
		<boneName>Bip01</boneName>
	</m_SubStateBoneWeights>
			<m_SubStateBoneWeights>
		<boneName>Dummy01</boneName>
	</m_SubStateBoneWeights>
	<m_SubStateBoneWeights>
		<boneName>Translation_Data</boneName>
	</m_SubStateBoneWeights>
</animNode>
