<?xml version="1.0" encoding="utf-8"?>
<animNode>
	<m_Name>Scramble_IdleSneak</m_Name>
	<m_AnimName>Bob_ScrambleFloorIdle</m_AnimName>
	<m_Looped>true</m_Looped>
	<m_deferredBoneAxis>Y</m_deferredBoneAxis>
	<m_SyncTrackingEnabled>false</m_SyncTrackingEnabled>
	<m_EarlyTransitionOut>true</m_EarlyTransitionOut>
	<m_SpeedScale>0.8</m_SpeedScale>
	<m_BlendTime>0.20</m_BlendTime>
    <m_Conditions>
		<m_Name>isRPScrambling</m_Name>
		<m_Type>BOOL</m_Type>
		<m_BoolValue>true</m_BoolValue>
	</m_Conditions>
	<m_Conditions>
		<m_Name>sneaking</m_Name>
		<m_Type>BOOL</m_Type>
		<m_BoolValue>true</m_BoolValue>
	</m_Conditions>
</animNode>