﻿<?xml version="1.0" encoding="utf-8"?>
<animNode x_extends="looped.xml">
	<m_Name>AwakeToAsleep</m_Name>
	<m_AnimName>Bob_AwakeToAsleep</m_AnimName>
	<m_Looped>true</m_Looped>
	<m_deferredBoneAxis>Y</m_deferredBoneAxis>
	<m_Conditions>
		<m_StringValue>AwakeToAsleep</m_StringValue>
	</m_Conditions>
	<m_SyncTrackingEnabled>false</m_SyncTrackingEnabled>
	<m_EarlyBlendOut>false</m_EarlyBlendOut>
	<m_SpeedScale>0.6</m_SpeedScale>
	<m_BlendTime>0.30</m_BlendTime>
	<m_SubStateBoneWeights>
		<boneName>Dummy01</boneName>
	</m_SubStateBoneWeights>
	<m_SubStateBoneWeights>
		<boneName>Translation_Data</boneName>
	</m_SubStateBoneWeights>
</animNode>
