﻿<?xml version="1.0" encoding="utf-8"?>
<animNode x_extends="looped.xml">
	<m_Name>DuffelbagLoot</m_Name>
	<m_AnimName>Bob_Duffelbag_Loot</m_AnimName>
	<m_BlendTime>0.30</m_BlendTime>
	<m_Conditions>
		<m_StringValue>DuffelbagLoot</m_StringValue>
	</m_Conditions>

	<m_Events>
		<m_EventName>EmoteFinishing</m_EventName>
		<m_Time>End</m_Time>
		<m_ParameterValue></m_ParameterValue>
	</m_Events>

	<m_SyncTrackingEnabled>false</m_SyncTrackingEnabled>
	<m_EarlyTransitionOut>false</m_EarlyTransitionOut>
	<m_deferredBoneAxis>Y</m_deferredBoneAxis>
	<m_SubStateBoneWeights>
		<boneName>Dummy01</boneName>
		<weight>1.0</weight>
	</m_SubStateBoneWeights>
</animNode>