﻿<?xml version="1.0" encoding="utf-8"?>
<animNode>
	<m_Name>Barbell02</m_Name>
	<m_AnimName>Bob_Idle_BarbellCurl02</m_AnimName>
	<m_deferredBoneAxis>Y</m_deferredBoneAxis>
	<m_SyncTrackingEnabled>false</m_SyncTrackingEnabled>
	<m_SpeedScale>FitnessSpeed</m_SpeedScale>
	<m_BlendTime>0.20</m_BlendTime>
	<m_BlendOutTime>0.50</m_BlendOutTime>
	<m_Conditions>
		<m_Name>ExerciseType</m_Name>
		<m_Type>STRING</m_Type>
		<m_StringValue>Barbell02</m_StringValue>
	</m_Conditions>
	
</animNode>
