﻿<?xml version="1.0" encoding="utf-8"?>
<animNode x_extends="looped.xml">
	<m_Name>ScrambleFloorIdle</m_Name>
	<m_AnimName>Bob_ScrambleFloorIdle</m_AnimName>
	<m_deferredBoneAxis>Y</m_deferredBoneAxis>
	<m_SyncTrackingEnabled>false</m_SyncTrackingEnabled>
	<m_BlendTime>0.30</m_BlendTime>
	<m_Conditions>
		<m_StringValue>ScrambleFloorIdle</m_StringValue>
	</m_Conditions>
	<m_SubStateBoneWeights>
		<boneName>Dummy01</boneName>
		<weight>2.5</weight>
	</m_SubStateBoneWeights>	
</animNode>
