﻿<?xml version="1.0" encoding="utf-8"?>
<animNode>
	<m_Name>_floor1</m_Name>
	<m_AnimName>Bob_SitGround_ActionIdle</m_AnimName>
	<m_Looped>true</m_Looped>
	<m_deferredBoneAxis>Y</m_deferredBoneAxis>
	<m_SyncTrackingEnabled>false</m_SyncTrackingEnabled>
	<m_EarlyTransitionOut>true</m_EarlyTransitionOut>
	<m_SpeedScale>0.80</m_SpeedScale>
	<m_BlendTime>0.50</m_BlendTime>
	<m_Conditions>
		<m_Name>emote</m_Name>
		<m_Type>STRING</m_Type>
		<m_StringValue>_floor1</m_StringValue>
	</m_Conditions>
	<m_Events>
		<m_EventName>EmoteLooped</m_EventName>
		<m_Time>End</m_Time>
		<m_ParameterValue></m_ParameterValue>
	</m_Events>
		<m_SubStateBoneWeights>
		<boneName>Dummy01</boneName>
	</m_SubStateBoneWeights>
	<m_SubStateBoneWeights>
		<boneName>Translation_Data</boneName>
	</m_SubStateBoneWeights>
</animNode> 
