<?xml version="1.0" encoding="utf-8"?>
<animNode>
	<m_Name>_idleLoop0</m_Name>
	<m_AnimName>Bob_EmoteBentDouble</m_AnimName>
	<m_Looped>true</m_Looped>
	<m_deferredBoneAxis>Y</m_deferredBoneAxis>
	<m_SyncTrackingEnabled>false</m_SyncTrackingEnabled>
	<m_SpeedScale>FitnessSpeed</m_SpeedScale>
	<m_BlendTime>0.20</m_BlendTime>
	<m_BlendOutTime>0.50</m_BlendOutTime>
	<m_Conditions>
		<m_Name>emote</m_Name>
		<m_Type>STRING</m_Type>
		<m_StringValue>_idleLoop0</m_StringValue>
	</m_Conditions>
	<m_Events>
		<m_EventName>EmoteLooped</m_EventName>
		<m_Time>End</m_Time>
		<m_ParameterValue></m_ParameterValue>
	</m_Events>
	<m_SubStateBoneWeights>
		<boneName>Bip01</boneName>
	</m_SubStateBoneWeights>
	<m_Transitions>
		<m_Target>idle</m_Target>
		<m_blendInTime>0.5</m_blendInTime>
		<m_blendOutTime>0.5</m_blendOutTime>
		<m_speedScale>0.5</m_speedScale>
	</m_Transitions>
		<m_SubStateBoneWeights>
		<boneName>Dummy01</boneName>
	</m_SubStateBoneWeights>
	<m_SubStateBoneWeights>
		<boneName>Translation_Data</boneName>
	</m_SubStateBoneWeights>
</animNode>
