﻿<?xml version="1.0" encoding="utf-8"?>
<animNode x_extends="looped.xml">
	<m_Name>ShiftWeight</m_Name>
	<m_AnimName>Bob_EmoteShiftWeight</m_AnimName>
	<m_BlendTime>0.30</m_BlendTime>
	<m_Conditions>
		<m_StringValue>ShiftWeight</m_StringValue>
	</m_Conditions>

	<m_SyncTrackingEnabled>false</m_SyncTrackingEnabled>
	<m_EarlyTransitionOut>false</m_EarlyTransitionOut>
	<m_deferredBoneAxis>Y</m_deferredBoneAxis>
	<m_SubStateBoneWeights>
		<boneName>Dummy01</boneName>
		<weight>1</weight>
	</m_SubStateBoneWeights>
</animNode>