﻿<?xml version="1.0" encoding="utf-8"?>
<animNode x_extends="default.xml">
	<m_Name>PassoutBack</m_Name>
	<m_AnimName>Bob_EmotePassOut_Back</m_AnimName>
	<m_SyncTrackingEnabled>true</m_SyncTrackingEnabled>
	<m_BlendTime>0.90</m_BlendTime>
	<m_Conditions>
		<m_StringValue>PassoutBack</m_StringValue>
	</m_Conditions>
	<m_SubStateBoneWeights>
		<boneName>Dummy01</boneName>
	</m_SubStateBoneWeights>
	<m_SubStateBoneWeights>
		<boneName>Translation_Data</boneName>
	</m_SubStateBoneWeights>
</animNode>