<?xml version="1.0" encoding="utf-8"?>
<animNode>
	<m_Name>_extra0</m_Name>
	<m_AnimName>Bob_IdleRake</m_AnimName>
	<m_Looped>true</m_Looped>
	<!-- <m_deferredBoneAxis>Y</m_deferredBoneAxis> -->
	<m_SyncTrackingEnabled>false</m_SyncTrackingEnabled>
	<m_EarlyTransitionOut>true</m_EarlyTransitionOut>
	<m_SpeedScale>0.80</m_SpeedScale>
	<m_BlendTime>0.50</m_BlendTime>
	<m_BlendOutTime>1</m_BlendOutTime>
	<m_Conditions>
		<m_Name>emote</m_Name>
		<m_Type>STRING</m_Type>
		<m_StringValue>_extra0</m_StringValue>
	</m_Conditions>
	<m_Events>
		<m_EventName>EmoteLooped</m_EventName>
		<m_Time>End</m_Time>
		<m_ParameterValue></m_ParameterValue>
	</m_Events>
	<m_SubStateBoneWeights>
		<boneName>Bip01</boneName>
	</m_SubStateBoneWeights>
</animNode>
