﻿<?xml version="1.0" encoding="utf-8"?>
<animNode>
	<m_Name>default</m_Name>
	<m_AnimName>Bob_EmoteSurrender</m_AnimName>
	<m_deferredBoneAxis>Y</m_deferredBoneAxis>
	<m_Looped>false</m_Looped>
	<m_SyncTrackingEnabled>false</m_SyncTrackingEnabled>
	<m_EarlyTransitionOut>true</m_EarlyTransitionOut>
	<m_SpeedScale>0.80</m_SpeedScale>
	<m_BlendTime>0.50</m_BlendTime>
	<m_Conditions>
		<m_Name>emote</m_Name>
		<m_Type>STRING</m_Type>
		<m_StringValue>default</m_StringValue>
	</m_Conditions>
	<m_Events>
		<m_EventName>EmoteFinishing</m_EventName>
		<m_Time>End</m_Time>
		<m_ParameterValue></m_ParameterValue>
	</m_Events>
	<m_SubStateBoneWeights>
		<boneName>Bip01_Spine</boneName>
		<includeDescendants>false</includeDescendants>
	</m_SubStateBoneWeights>
	<m_SubStateBoneWeights>
		<boneName>Bip01_Spine1</boneName>
		<includeDescendants>false</includeDescendants>
	</m_SubStateBoneWeights>
	<m_SubStateBoneWeights>
		<boneName>Bip01_Neck</boneName>
		<includeDescendants>false</includeDescendants>
	</m_SubStateBoneWeights>
	<m_SubStateBoneWeights>
		<boneName>Bip01_Head</boneName>
		<includeDescendants>false</includeDescendants>
	</m_SubStateBoneWeights>
	<m_SubStateBoneWeights>
		<boneName>Bip01_L_Clavicle</boneName>
		<includeDescendants>false</includeDescendants>
	</m_SubStateBoneWeights>
	<m_SubStateBoneWeights>
		<boneName>Bip01_L_UpperArm</boneName>
		<includeDescendants>false</includeDescendants>
	</m_SubStateBoneWeights>
	<m_SubStateBoneWeights>
		<boneName>Bip01_L_Forearm</boneName>
		<includeDescendants>false</includeDescendants>
	</m_SubStateBoneWeights>
	<m_SubStateBoneWeights>
		<boneName>Bip01_L_Hand</boneName>
		<includeDescendants>false</includeDescendants>
	</m_SubStateBoneWeights>
	<m_SubStateBoneWeights>
		<boneName>Bip01_L_Finger0</boneName>
		<includeDescendants>false</includeDescendants>
	</m_SubStateBoneWeights>
	<m_SubStateBoneWeights>
		<boneName>Bip01_L_Finger1</boneName>
		<includeDescendants>false</includeDescendants>
	</m_SubStateBoneWeights>
	<m_SubStateBoneWeights>
		<boneName>Bip01_R_Clavicle</boneName>
		<includeDescendants>false</includeDescendants>
	</m_SubStateBoneWeights>
	<m_SubStateBoneWeights>
		<boneName>Bip01_R_UpperArm</boneName>
		<includeDescendants>false</includeDescendants>
	</m_SubStateBoneWeights>
	<m_SubStateBoneWeights>
		<boneName>Bip01_R_Forearm</boneName>
		<includeDescendants>false</includeDescendants>
	</m_SubStateBoneWeights>
	<m_SubStateBoneWeights>
		<boneName>Bip01_R_Hand</boneName>
		<includeDescendants>false</includeDescendants>
	</m_SubStateBoneWeights>
	<m_SubStateBoneWeights>
		<boneName>Bip01_R_Finger0</boneName>
		<weight>0.00</weight>
		<includeDescendants>false</includeDescendants>
	</m_SubStateBoneWeights>
	<m_SubStateBoneWeights>
		<boneName>Bip01_R_Finger1</boneName>
		<weight>0.00</weight>
		<includeDescendants>false</includeDescendants>
	</m_SubStateBoneWeights>
	<m_SubStateBoneWeights>
		<boneName>Bip01_BackPack</boneName>
		<includeDescendants>false</includeDescendants>
	</m_SubStateBoneWeights>
	<m_SubStateBoneWeights>
		<boneName>Bip01_Prop1</boneName>
		<weight>0.00</weight>
		<includeDescendants>false</includeDescendants>
	</m_SubStateBoneWeights>
	<m_SubStateBoneWeights>
		<boneName>Bip01_Prop2</boneName>
		<weight>0.00</weight>
		<includeDescendants>false</includeDescendants>
	</m_SubStateBoneWeights>
</animNode>