<?xml version="1.0" encoding="utf-8"?>
<animNode x_extends="looped.xml">
	<m_Name>DragDown</m_Name>
	<m_AnimName>Bob_EndDeath</m_AnimName>
	<m_BlendTime>0.40</m_BlendTime>
	<m_Conditions>
		<m_StringValue>DragDown</m_StringValue>
	</m_Conditions>
	<m_SubStateBoneWeights>
		<boneName>Dummy01</boneName>
		<weight>1.0</weight>
	</m_SubStateBoneWeights>

	<m_Events>
		<m_EventName>EmoteFinishing</m_EventName>
		<m_Time>End</m_Time>
		<m_ParameterValue></m_ParameterValue>
	</m_Events>
</animNode>
