﻿<?xml version="1.0" encoding="utf-8"?>
<animNode x_extends="looped.xml">
	<m_Name>PassoutFront</m_Name>
	<m_AnimName>Bob_EmotePassOut_Front</m_AnimName>
	<m_deferredBoneAxis>Y</m_deferredBoneAxis>
	<m_SyncTrackingEnabled>false</m_SyncTrackingEnabled>
	<m_EarlyTransitionOut>false</m_EarlyTransitionOut>

	<m_BlendTime>0.30</m_BlendTime>
	<m_Conditions>
		<m_StringValue>PassoutFront</m_StringValue>
	</m_Conditions>
	<m_SubStateBoneWeights>
		<boneName>Bip01</boneName>
	</m_SubStateBoneWeights> 
</animNode>