﻿<?xml version="1.0" encoding="utf-8"?>
<animNode x_extends="default.xml">
	<m_Name>_1sCraft</m_Name>
	<m_AnimName>Bob_idleMaking</m_AnimName>
	<m_Looped>false</m_Looped>
	<m_SyncTrackingEnabled>false</m_SyncTrackingEnabled>
	<m_EarlyBlendOut>false</m_EarlyBlendOut>
	<m_SpeedScale>0.80</m_SpeedScale>
	<m_BlendTime>0.20</m_BlendTime>
	<m_Scalar></m_Scalar>
	<m_Scalar2></m_Scalar2>
	<m_Transitions>
		<m_Target>idle</m_Target>
		<m_blendInTime>0.5</m_blendInTime>
		<m_blendOutTime>0.5</m_blendOutTime>
		<m_speedScale>0.5</m_speedScale>
	</m_Transitions>
		<m_SubStateBoneWeights>
		<boneName>Dummy01</boneName>
	</m_SubStateBoneWeights>
	<m_SubStateBoneWeights>
		<boneName>Translation_Data</boneName>
	</m_SubStateBoneWeights>
</animNode>

<!-- getPlayer():playEmote("_1sCraft")  -->