<?xml version="1.0" encoding="utf-8"?>
<animNode x_extends="default.xml">
	<m_Name>isZedScream</m_Name>
	<m_AnimName>isZedScream</m_AnimName>	
	<m_deferredBoneAxis>Y</m_deferredBoneAxis>
		<m_SyncTrackingEnabled>false</m_SyncTrackingEnabled>
	<m_Conditions>
	<m_StringValue>isZedScream</m_StringValue>
	</m_Conditions>
		<m_SubStateBoneWeights>
		<boneName>Dummy01</boneName>
	</m_SubStateBoneWeights>
	<m_Transitions>
		<m_Target>idle</m_Target>
		<m_blendInTime>0.5</m_blendInTime>
		<m_blendOutTime>0.5</m_blendOutTime>
		<m_speedScale>0.5</m_speedScale>
	</m_Transitions>
		<m_SubStateBoneWeights>
		<boneName>Dummy01</boneName>
	</m_SubStateBoneWeights>
	<m_SubStateBoneWeights>
		<boneName>Translation_Data</boneName>
	</m_SubStateBoneWeights>
</animNode>
