﻿<?xml version="1.0" encoding="utf-8"?>
<animNode x_extends="looped.xml">
	<m_Name>bentdouble</m_Name>
	<m_AnimName>Bob_EmoteBentDouble</m_AnimName>
	<m_deferredBoneAxis>Y</m_deferredBoneAxis>
	<m_BlendTime>0.30</m_BlendTime>
	<m_Conditions>
		<m_StringValue>bentdouble</m_StringValue>
	</m_Conditions>
	<m_SubStateBoneWeights>
		<boneName>Dummy01</boneName>
	</m_SubStateBoneWeights>
	<m_SubStateBoneWeights>
		<boneName>Translation_Data</boneName>
	</m_SubStateBoneWeights>
</animNode>