<?xml version="1.0" encoding="utf-8"?>
<animNode>
	<m_Name>Crawl_Idle</m_Name>
	<m_AnimName>Bob_ScrambleFloorIdle</m_AnimName>
	
	<m_DeferredBoneName>Translation_Data</m_DeferredBoneName>
	<m_deferredBoneAxis>Y</m_deferredBoneAxis>
	<m_Looped>true</m_Looped>
	<m_SpeedScale>0.8</m_SpeedScale>
	<m_BlendTime>0.20</m_BlendTime>
    <m_Conditions>
		<m_Name>isRPCrawling</m_Name>
		<m_Type>BOOL</m_Type>
		<m_BoolValue>true</m_BoolValue>
	</m_Conditions>
	<m_Transitions>
		<m_Target>crawl_turn_idle</m_Target>
		<m_blendInTime>0</m_blendInTime>
	</m_Transitions>
</animNode>