<?xml version="1.0" encoding="utf-8"?>
<animNode x_extends="crawl_turn_idle.xml">
	<m_Name>turn_idle_180</m_Name>
	<m_Conditions />
	<m_Conditions />
	<m_Conditions />
	<m_Conditions>
		<m_Name>isTurningAround</m_Name>
		<m_Type>BOOL</m_Type>
		<m_BoolValue>true</m_BoolValue>
	</m_Conditions>
	<m_SubStateBoneWeights />
	<m_SubStateBoneWeights>
		<weight>0.00</weight>
	</m_SubStateBoneWeights>
	<m_SubStateBoneWeights />
	<m_SubStateBoneWeights />
	<m_SubStateBoneWeights />
	<m_SubStateBoneWeights />
	<m_SubStateBoneWeights />
	<m_SubStateBoneWeights />
	<m_SubStateBoneWeights />
</animNode>